,1. open,2. high,3. low,4. close,5. volume
2019-12-02,1804.4000,1805.5500,1762.6800,1781.6000,3931750
2019-12-03,1760.0000,1772.8700,1747.2300,1769.9600,3529582
2019-12-04,1774.0100,1789.0900,1760.2200,1760.6900,2680700
2019-12-05,1763.5000,1763.5000,1740.0000,1740.4800,2827852
2019-12-06,1751.2000,1754.4000,1740.1300,1751.6000,3119979
2019-12-09,1750.6600,1766.8900,1745.6100,1749.5100,2502489
2019-12-10,1747.4000,1750.6700,1735.0000,1739.2100,2515644
2019-12-11,1741.6700,1750.0000,1735.7100,1748.7200,2101318
2019-12-12,1750.0000,1764.0000,1745.4400,1760.3300,3103949
2019-12-13,1765.0000,1768.9900,1755.0000,1760.9400,2747909
2019-12-16,1767.0000,1769.5000,1757.0500,1769.2100,3149345
2019-12-17,1778.0100,1792.0000,1777.3900,1790.6600,3646697
2019-12-18,1795.0200,1798.2000,1782.3600,1784.0300,3354137
2019-12-19,1780.5000,1792.9900,1774.0600,1792.2800,2738320
2019-12-20,1799.6200,1802.9700,1782.4500,1786.5000,5152460
2019-12-23,1788.2600,1793.0000,1784.5100,1793.0000,2137493
2019-12-24,1793.8100,1795.5700,1787.5800,1789.2100,881337
2019-12-26,1801.0100,1870.4600,1799.5000,1868.7700,6024608
2019-12-27,1882.9200,1901.4000,1866.0100,1869.8000,6188754
2019-12-30,1874.0000,1884.0000,1840.6200,1846.8900,3677306
2019-12-31,1842.0000,1853.2600,1832.2300,1847.8400,2510380
2020-01-02,1875.0000,1898.0100,1864.1500,1898.0100,4035910
2020-01-03,1864.5000,1886.2000,1864.5000,1874.9700,3766604
2020-01-06,1860.0000,1903.6900,1860.0000,1902.8800,4065698
2020-01-07,1904.5000,1913.8900,1892.0400,1906.8600,4134010
2020-01-08,1898.0400,1911.0000,1886.4400,1891.9700,3511966
2020-01-09,1909.8900,1917.8200,1895.8000,1901.0500,3174962
2020-01-10,1905.3700,1906.9400,1880.0000,1883.1600,2856959
2020-01-13,1891.3100,1898.0000,1880.8000,1891.3000,2753903
2020-01-14,1885.8800,1887.1100,1858.5500,1869.4400,3446381
2020-01-15,1872.2500,1878.8600,1855.0900,1862.0200,2896592
2020-01-16,1882.9900,1885.5900,1866.0200,1877.9400,2659493
2020-01-17,1885.8900,1886.6400,1857.2500,1864.7200,3997340
2020-01-21,1865.0000,1894.2700,1860.0000,1892.0000,3643771
2020-01-22,1896.0900,1902.5000,1883.3400,1887.4600,3216257
2020-01-23,1885.1100,1889.9800,1872.7600,1884.5800,2484613
2020-01-24,1891.3700,1894.9900,1847.4400,1861.6400,3766181
2020-01-27,1820.0000,1841.0000,1815.3400,1828.3400,3528509
2020-01-28,1840.5000,1858.1100,1830.0200,1853.2500,2808040
2020-01-29,1864.0000,1874.7500,1855.0200,1858.0000,2101390
2020-01-30,1858.0000,1872.8700,1850.6100,1870.6800,6327438
2020-01-31,2051.4700,2055.7200,2002.2700,2008.7200,15567283
2020-02-03,2010.6000,2048.5000,2000.2500,2004.2000,5899094
2020-02-04,2029.8800,2059.8000,2015.3700,2049.6700,5289338
2020-02-05,2071.0200,2071.0200,2032.0000,2039.8700,4376174
2020-02-06,2041.0200,2056.3000,2024.8000,2050.2300,3182954
2020-02-07,2041.9900,2098.5300,2038.1000,2079.2800,5095347
2020-02-10,2085.0100,2135.6000,2084.9600,2133.9100,5056235
2020-02-11,2150.9000,2185.9500,2136.0000,2150.8000,5746011
2020-02-12,2163.2000,2180.2500,2155.2900,2160.0000,3334264
2020-02-13,2144.9900,2170.2800,2142.0000,2149.8700,3031791
2020-02-14,2155.6800,2159.0400,2125.8900,2134.8700,2606169
2020-02-18,2125.0200,2166.0700,2124.1100,2155.6700,2951070
2020-02-19,2167.8000,2185.1000,2161.1200,2170.2200,2561165
2020-02-20,2173.0700,2176.7900,2127.4500,2153.1000,3131342
2020-02-21,2142.1500,2144.5500,2088.0000,2095.9700,4650740
2020-02-24,2003.1800,2039.3000,1987.9700,2009.2900,6546997
2020-02-25,2026.4200,2034.6000,1958.4200,1972.7400,6219094
2020-02-26,1970.2800,2014.6700,1960.4500,1979.5900,5240402
2020-02-27,1934.3800,1975.0000,1882.7600,1884.3000,8143993
2020-02-28,1814.6300,1889.7600,1811.1300,1883.7500,9493797
2020-03-02,1906.4900,1954.5100,1870.0000,1953.9500,6761651
2020-03-03,1975.3700,1996.3300,1888.0900,1908.9900,7534491
2020-03-04,1946.5700,1978.0000,1922.0000,1975.8300,4772919
2020-03-05,1933.0000,1960.7200,1910.0000,1924.0300,4748210
2020-03-06,1875.0000,1910.8700,1869.5000,1901.0900,5273580
2020-03-09,1773.8600,1862.7700,1761.2900,1800.6100,7813232
2020-03-10,1870.8800,1894.2700,1818.1700,1891.8200,7133310
2020-03-11,1857.8500,1871.3200,1801.5000,1820.8600,5646831
2020-03-12,1721.9800,1765.0000,1675.0000,1676.6100,11346214
2020-03-13,1755.0000,1786.3100,1680.6200,1785.0000,8809725
2020-03-16,1641.5100,1759.4500,1626.0300,1689.1500,8917265
2020-03-17,1775.4700,1857.7800,1689.2400,1807.8400,10917129
2020-03-18,1750.0000,1841.6600,1745.0000,1830.0000,9596297
2020-03-19,1860.0000,1945.0000,1832.6500,1880.9300,10399943
2020-03-20,1926.3100,1957.0000,1820.7300,1846.0900,9817850
2020-03-23,1827.7500,1919.4000,1812.0000,1902.8300,7808489
2020-03-24,1951.5000,1955.0000,1900.3400,1940.1000,7147080
2020-03-25,1920.6900,1950.2600,1885.7800,1885.8400,6479073
2020-03-26,1902.0000,1956.4900,1889.2900,1955.4900,6235118
2020-03-27,1930.8600,1939.7900,1899.9200,1900.1000,5387897
2020-03-30,1922.8300,1973.6300,1912.3400,1963.9500,6126087
2020-03-31,1964.3500,1993.0200,1944.0100,1949.7200,5123626
2020-04-01,1932.9700,1944.9600,1893.0000,1907.7000,4121875
2020-04-02,1901.6400,1927.5300,1890.0000,1918.8300,4335985
2020-04-03,1911.1500,1926.3300,1889.1500,1906.5900,3609870
2020-04-06,1936.0000,1998.5200,1930.0200,1997.5900,5773181
2020-04-07,2017.1100,2035.7200,1997.6200,2011.6000,5113983
2020-04-08,2021.0000,2044.0000,2011.1500,2043.0000,3977313
2020-04-09,2044.3000,2053.0000,2017.6600,2042.7600,4655617
2020-04-13,2040.0000,2180.0000,2038.0000,2168.8700,6716709
2020-04-14,2200.4700,2292.0000,2186.2100,2283.3200,8087193
2020-04-15,2257.6800,2333.3700,2245.0000,2307.6800,6866567
2020-04-16,2346.0000,2461.0000,2335.0000,2408.1900,12038201
2020-04-17,2372.3300,2400.0000,2316.0200,2375.0000,7930010
2020-04-20,2389.9500,2444.9800,2386.0500,2393.6100,5770694
2020-04-21,2416.6100,2428.3100,2279.6600,2328.1200,7476679
2020-04-22,2369.0000,2394.0000,2351.0000,2363.4900,4218295
2020-04-23,2399.9800,2424.2200,2382.0800,2399.4500,5066552
2020-04-24,2417.0000,2420.4300,2382.0000,2410.2200,3831797
2020-04-27,2443.2000,2444.8800,2363.0000,2376.0000,5645645
2020-04-28,2372.1000,2373.5000,2306.0000,2314.0800,5269446
2020-04-29,2330.0100,2391.8900,2310.0000,2372.7100,4591593
2020-04-30,2419.8400,2475.0000,2396.0100,2474.0000,9534611
2020-05-01,2336.8000,2362.4400,2258.1900,2286.0400,9772605
2020-05-04,2256.3800,2326.9800,2256.3800,2315.9900,4865926
2020-05-05,2340.0000,2351.0000,2307.1300,2317.8000,3242496
2020-05-06,2329.4400,2357.4500,2320.0000,2351.2600,3117814
2020-05-07,2374.7800,2376.0000,2343.1100,2367.6100,3396411
2020-05-08,2372.1400,2387.2400,2357.0000,2379.6100,3211228
2020-05-11,2374.7000,2419.6700,2372.1100,2409.0000,3259231
2020-05-12,2411.8500,2419.0000,2355.0000,2356.9500,3074916
2020-05-13,2366.8000,2407.7000,2337.8000,2367.9200,4782919
2020-05-14,2361.0100,2391.3700,2353.2100,2388.8500,3648128
2020-05-15,2368.5200,2411.0000,2356.3700,2409.7800,4234951
2020-05-18,2404.3500,2433.0000,2384.0100,2426.2600,4366572
2020-05-19,2429.8300,2485.0000,2428.9700,2449.3300,4320498
2020-05-20,2477.8700,2500.0100,2467.2700,2497.9400,3998143
2020-05-21,2500.0000,2525.4500,2442.5400,2446.7400,5114403
2020-05-22,2455.0100,2469.8500,2430.1300,2436.8800,2867079
2020-05-26,2458.0000,2462.0000,2414.0600,2421.8600,3568153
2020-05-27,2404.9900,2413.5800,2330.0000,2410.3900,5056945
2020-05-28,2384.3300,2436.9700,2378.2300,2401.1000,3193136
2020-05-29,2415.9400,2442.3700,2398.2000,2442.3700,3529329
2020-06-01,2448.0000,2476.9300,2444.1700,2471.0400,2938032
2020-06-02,2467.0000,2473.5300,2445.3100,2472.4100,2529903
2020-06-03,2468.0100,2488.0000,2461.1700,2478.4000,2671024
2020-06-04,2477.4300,2507.5400,2450.0100,2460.6000,2948710
2020-06-05,2444.5100,2488.6500,2437.1300,2483.0000,3306445
2020-06-08,2500.2000,2530.0000,2487.3400,2524.0600,3970654
2020-06-09,2529.4400,2626.4300,2525.0000,2600.8600,5175950
2020-06-10,2645.0000,2722.3500,2626.2600,2647.4500,4946031
2020-06-11,2603.5000,2671.3800,2536.2300,2557.9600,5800107
2020-06-12,2601.2100,2621.4800,2503.3500,2545.0200,5436127
2020-06-15,2526.6000,2584.0000,2508.0000,2572.6800,3873335
2020-06-16,2620.0000,2620.0000,2576.0000,2615.2700,3595649
2020-06-17,2647.5000,2655.0000,2631.8200,2640.9800,2959316
2020-06-18,2647.0100,2659.6400,2636.1100,2653.9800,2487774
2020-06-19,2678.0800,2697.4300,2659.0000,2675.0100,5776963
2020-06-22,2684.5000,2715.0000,2669.0000,2713.8200,3208780
2020-06-23,2726.0200,2783.1100,2718.0400,2764.4100,4231707
2020-06-24,2780.0000,2796.0000,2721.0000,2734.4000,4526605
2020-06-25,2739.5500,2756.2300,2712.1400,2754.5800,2968657
2020-06-26,2775.0600,2782.5700,2688.0000,2692.8700,6500784
2020-06-29,2690.0100,2696.8000,2630.0800,2680.3800,4223422
2020-06-30,2685.0700,2769.6300,2675.0300,2758.8200,3769686
2020-07-01,2757.9900,2895.0000,2754.0000,2878.7000,6364355
2020-07-02,2912.0100,2955.5600,2871.1000,2890.3000,6593735
2020-07-06,2934.9700,3059.8800,2930.0000,3057.0400,6880340
2020-07-07,3058.5500,3069.5500,2990.0000,3000.1200,5257688
2020-07-08,3022.6100,3083.9700,3012.4300,3081.1100,5037856
2020-07-09,3115.9900,3193.8800,3074.0000,3182.6300,6388971
2020-07-10,3191.7600,3215.0000,3135.7000,3200.0000,5486005
2020-07-13,3251.0600,3344.2900,3068.3900,3104.0000,7722519
2020-07-14,3089.0000,3127.3800,2950.0000,3084.0000,7231956
2020-07-15,3080.2300,3098.3500,2973.1800,3008.8700,5789358
2020-07-16,2971.0600,3032.0000,2918.2300,2999.9000,6394284
2020-07-17,3009.0000,3024.0000,2948.4500,2961.9700,4716329
2020-07-20,3000.2000,3201.3600,2994.0200,3196.8400,7488703
2020-07-21,3232.4900,3240.5800,3105.7200,3138.2900,6075758
2020-07-22,3125.0000,3149.9999,3065.2600,3099.9100,4104225
2020-07-23,3098.2713,3098.2713,2970.0000,2986.5500,5656906
2020-07-24,2930.0000,3031.5800,2888.0000,3008.9100,5632413
2020-07-27,3062.0000,3098.0000,3015.7700,3055.2100,4170492
2020-07-28,3054.2700,3077.0926,2995.7600,3000.3300,3126651
2020-07-29,3030.9900,3039.1592,2996.7700,3033.5300,2974060
2020-07-30,3014.0000,3092.0000,3005.0000,3051.8800,6128265
2020-07-31,3244.0000,3246.8200,3151.0000,3164.6800,8083369
2020-08-03,3180.5100,3184.0000,3104.0000,3111.8900,5074663
2020-08-04,3101.2100,3167.2400,3101.2100,3138.8300,4694294
2020-08-05,3143.7700,3213.5859,3127.3000,3205.0300,3930025
2020-08-06,3194.3600,3247.4700,3165.4300,3225.0000,3940602
2020-08-07,3224.0100,3240.8100,3140.6726,3167.4600,3936127
2020-08-10,3170.3100,3172.5100,3101.5200,3148.1600,3167274
2020-08-11,3113.2000,3159.2200,3073.0000,3080.6700,3718057
2020-08-12,3108.0000,3174.3850,3101.4200,3162.2400,3527229
2020-08-13,3182.9900,3217.5211,3155.0000,3161.0200,3149043
2020-08-14,3178.1800,3178.2357,3120.0000,3148.0200,2751723
2020-08-17,3173.1200,3194.9700,3154.1775,3182.4100,2675890
2020-08-18,3212.0000,3320.0000,3205.8187,3312.4900,5345974
2020-08-19,3303.0100,3315.9000,3256.0001,3260.4800,4185137
2020-08-20,3252.0000,3312.6200,3238.0000,3297.3700,3332478
2020-08-21,3295.0000,3314.3962,3275.3900,3284.7200,3575862
2020-08-24,3310.1500,3380.3150,3257.5608,3307.4600,4666258
2020-08-25,3294.9900,3357.4000,3267.0000,3346.4900,3992842
2020-08-26,3351.1100,3451.7387,3344.5675,3441.8500,6508743
2020-08-27,3450.0500,3453.0000,3378.0000,3400.0000,4264795
2020-08-28,3423.0000,3433.3699,3386.5000,3401.8000,2896978
2020-08-31,3408.9900,3495.0000,3405.0000,3450.9600,4185885
2020-09-01,3489.5800,3513.8700,3467.0000,3499.1200,3476407
2020-09-02,3547.0000,3552.2500,3486.6850,3531.4500,3931476
2020-09-03,3485.0000,3488.4100,3303.0000,3368.0000,8161113
2020-09-04,3318.0000,3381.5000,3111.1300,3294.6200,8781754
2020-09-08,3144.0000,3250.8450,3130.0000,3149.8400,6094205
2020-09-09,3202.9900,3303.1750,3185.0000,3268.6100,5188675
2020-09-10,3307.2188,3349.8900,3170.5500,3175.1100,5330741
2020-09-11,3208.6900,3217.3409,3083.9800,3116.2200,5093982
2020-09-14,3172.9372,3187.3900,3096.0000,3102.9700,4529596
2020-09-15,3136.1600,3175.0200,3108.9200,3156.1300,4021535
2020-09-16,3179.9900,3187.2380,3074.1500,3078.1000,4531189
2020-09-17,3009.2500,3029.4320,2972.5500,3008.7300,6449050
2020-09-18,3031.7400,3037.8000,2905.5400,2954.9100,8892580
2020-09-21,2906.5000,2962.0000,2871.0000,2960.4700,6117925
2020-09-22,3033.8350,3133.9900,3000.2000,3128.9900,6948816
2020-09-23,3120.4300,3126.9990,2992.3759,2999.8600,5652665
2020-09-24,2977.7900,3069.3000,2965.0000,3019.7900,5529392
2020-09-25,3054.8600,3101.5400,2999.0000,3095.1300,4615202
2020-09-28,3148.8500,3175.0400,3117.1684,3174.0500,4224165
2020-09-29,3175.3900,3188.2600,3132.5400,3144.8800,3503398
2020-09-30,3141.1400,3212.8800,3133.9900,3148.7300,4896101
2020-10-01,3208.0000,3224.0000,3172.0000,3221.2600,4971922
2020-10-02,3153.6300,3195.7965,3123.0000,3125.0000,5613098
2020-10-05,3145.8400,3202.5300,3140.8500,3199.2000,3775332
2020-10-06,3165.0000,3182.0000,3090.0000,3099.9600,5086857
2020-10-07,3135.0000,3200.0000,3132.3850,3195.6900,4309439
2020-10-08,3224.9900,3233.2944,3174.9900,3190.5500,3174114
2020-10-09,3210.0000,3288.9900,3197.8300,3286.6500,4907871
2020-10-12,3349.9400,3496.2400,3339.5500,3442.9300,8364198
2020-10-13,3467.9900,3492.3800,3424.2170,3443.6300,5744697
2020-10-14,3447.0000,3464.8800,3340.0000,3363.7100,5828916
2020-10-15,3292.0100,3355.8800,3280.0000,3338.6500,5223448
2020-10-16,3363.2300,3399.6606,3160.0000,3272.7100,6474353
2020-10-19,3299.6100,3329.0000,3192.7350,3207.2100,5223626
2020-10-20,3222.2800,3266.0000,3192.0100,3217.0100,4509678
2020-10-21,3212.5000,3233.8750,3160.0000,3184.9400,4592736
2020-10-22,3189.8700,3198.7500,3121.9400,3176.4000,4212005
2020-10-23,3191.0000,3205.3300,3140.0000,3204.4000,3466687
2020-10-26,3198.7400,3282.9799,3153.3000,3207.0400,5901151
2020-10-27,3224.9400,3291.6600,3211.3000,3286.3300,4291047
2020-10-28,3249.3000,3264.0200,3162.4700,3162.7800,5588330
2020-10-29,3201.2700,3257.2500,3164.0000,3211.0100,6596529
2020-10-30,3157.7500,3167.0040,3019.0000,3036.1500,8396081
2020-11-02,3061.7400,3079.7050,2950.1200,3004.4800,7257350
2020-11-03,3018.5300,3074.9000,2980.9800,3048.4100,4897880
2020-11-04,3159.9900,3244.8500,3139.7300,3241.1600,6839041
2020-11-05,3319.9700,3366.8000,3288.8800,3322.0000,5789285
2020-11-06,3304.6400,3322.0000,3232.0000,3311.3700,4647330
2020-11-09,3231.0300,3289.0000,3112.1057,3143.7400,7190406
2020-11-10,3095.0200,3114.0000,3019.4828,3035.0200,6590956
2020-11-11,3061.7800,3139.1450,3050.0000,3137.3900,4366923
2020-11-12,3159.9500,3175.8800,3086.0500,3110.2800,4371208
2020-11-13,3122.0000,3141.7227,3085.3900,3128.8100,3762587
2020-11-16,3093.2000,3142.7000,3072.6850,3131.0600,3808676
2020-11-17,3183.5445,3189.2500,3135.2600,3135.6600,3444735
2020-11-18,3134.0000,3140.0000,3105.1000,3105.4600,2916836
2020-11-19,3105.3100,3125.0000,3080.9200,3117.0200,3010270
2020-11-20,3117.0200,3132.8900,3098.0456,3099.4000,3380138
2020-11-23,3116.6986,3139.7450,3065.4600,3098.3900,4708887
2020-11-24,3100.5000,3134.2500,3086.2580,3118.0600,3570889
2020-11-25,3141.8700,3198.0000,3140.2600,3185.0700,3790403
2020-11-27,3211.2600,3216.1900,3190.0500,3195.3400,2392867
2020-11-30,3208.4800,3228.3900,3125.5500,3168.0400,4063916
2020-12-01,3188.5000,3248.9500,3157.1800,3220.0800,4493554
2020-12-02,3221.6500,3232.0000,3173.2601,3203.5300,3129304
2020-12-03,3205.4600,3228.6400,3181.3100,3186.7300,2892039
2020-12-04,3198.2100,3198.2100,3158.7600,3162.5800,2913611
2020-12-07,3156.4800,3180.7600,3141.6900,3158.0000,2751316
2020-12-08,3158.9000,3184.1300,3120.0200,3177.2900,3286303
2020-12-09,3167.8900,3174.4300,3088.0000,3104.2000,4100836
2020-12-10,3088.9900,3142.1000,3076.0000,3101.4900,3030186
2020-12-11,3096.6600,3118.6700,3072.8200,3116.4200,3064695
2020-12-14,3143.0000,3190.4700,3126.0000,3156.9700,4155794
2020-12-15,3181.0100,3188.4999,3130.4900,3165.1200,3323686
2020-12-16,3176.0100,3247.0000,3163.6800,3240.9600,4427616
2020-12-17,3250.0000,3263.5100,3221.0000,3236.0800,3474347
2020-12-18,3243.9900,3249.4200,3171.6000,3201.6500,5995713
2020-12-21,3200.0100,3226.9666,3166.0000,3206.1800,3836846
2020-12-22,3202.8434,3222.0000,3180.0800,3206.5200,2381781
2020-12-23,3205.0000,3210.1300,3184.1700,3185.2700,2093787
2020-12-24,3193.9000,3202.0000,3169.0000,3172.6900,1451917
2020-12-28,3194.0000,3304.0000,3172.6900,3283.9600,5620728
2020-12-29,3309.9400,3350.6500,3281.2230,3322.0000,4872933
2020-12-30,3341.0000,3342.1000,3282.4700,3285.8500,3209310
2020-12-31,3275.0000,3282.9219,3241.2000,3256.9300,2957206
2021-01-04,3270.0000,3272.0000,3144.0200,3186.6300,4411449
2021-01-05,3166.0100,3223.3800,3165.0600,3218.5100,2655548
2021-01-06,3146.4800,3197.5090,3131.1600,3138.3800,4394815
2021-01-07,3157.0000,3208.5420,3155.0000,3162.1600,3514545
2021-01-08,3180.0000,3190.6400,3142.2000,3182.7000,3537744
2021-01-11,3148.0100,3156.3841,3110.0000,3114.2100,3669095
2021-01-12,3120.0000,3142.1418,3086.0000,3120.8300,3418549
2021-01-13,3128.4400,3189.9500,3122.0800,3165.8900,3321244
2021-01-14,3167.5200,3177.9999,3120.5900,3127.4700,3070919
2021-01-15,3123.0200,3142.5450,3095.1700,3104.2500,4243995
2021-01-19,3107.0000,3145.0000,3096.0000,3120.7600,3305142
2021-01-20,3181.9900,3279.8000,3175.0000,3263.3800,5309835
2021-01-21,3293.0000,3348.5500,3289.5675,3306.9900,4945051
2021-01-22,3304.3100,3321.9100,3283.1644,3292.2300,2821914
2021-01-25,3328.5000,3363.8900,3243.1463,3294.0000,3749758
2021-01-26,3296.3559,3338.0000,3282.8700,3326.1300,2955235
2021-01-27,3341.4900,3346.5200,3207.0800,3232.5800,4660158
2021-01-28,3235.0400,3301.6800,3228.6900,3237.6200,3149228
2021-01-29,3230.0000,3236.9900,3184.5500,3206.2000,4293556
2021-02-01,3242.3600,3350.2600,3235.0250,3342.8800,4160212
2021-02-02,3380.0000,3427.7400,3361.1250,3380.0000,6183716
2021-02-03,3425.0100,3434.0000,3308.6200,3312.5300,7088781
2021-02-04,3330.0000,3347.0000,3277.7500,3331.0000,3670661
2021-02-05,3319.0000,3377.0000,3302.7100,3352.1500,3620808
2021-02-08,3358.5000,3364.9999,3304.0000,3322.9400,3257391
2021-02-09,3312.4900,3338.0000,3297.8400,3305.0000,2179355
2021-02-10,3314.0000,3317.9548,3254.0000,3286.5800,3125174
2021-02-11,3292.0000,3292.0000,3248.0600,3262.1300,2301417
2021-02-12,3250.0000,3280.2500,3233.3100,3277.7100,2335339
2021-02-16,3254.0500,3308.3000,3253.5910,3268.9500,2574721
2021-02-17,3263.6000,3320.9100,3259.4996,3308.6400,3261801
2021-02-18,3282.4200,3338.0000,3273.9400,3328.2300,3033607
2021-02-19,3328.2300,3333.5000,3245.7500,3249.9000,4305184
2021-02-22,3208.1300,3232.3199,3172.2600,3180.7400,3461266
2021-02-23,3127.0300,3204.7300,3093.6000,3194.5000,4677222
2021-02-24,3166.7500,3171.2300,3125.3800,3159.5300,3011275
2021-02-25,3136.7400,3178.2600,3047.7600,3057.1600,4399320
2021-02-26,3095.2000,3122.4400,3036.7000,3092.9300,4246135
2021-03-01,3127.8900,3149.5600,3097.9900,3146.1400,2733963
2021-03-02,3143.4700,3163.5200,3087.1201,3094.5300,2595762
2021-03-03,3081.1800,3107.7750,2995.0000,3005.0000,3988725
2021-03-04,3012.0000,3058.1300,2945.4300,2977.5700,5481578
2021-03-05,3005.0000,3009.0000,2881.0001,3000.4600,5388551
2021-03-08,3015.0000,3064.5900,2951.3100,2951.9500,4185008
2021-03-09,3017.9900,3090.9600,3005.1474,3062.8500,4030032
2021-03-10,3098.4500,3116.4600,3030.0500,3057.6400,3012489
2021-03-11,3104.0100,3131.7843,3082.9300,3113.5900,2776391
2021-03-12,3075.0000,3098.9800,3045.5000,3089.4900,2421888
2021-03-15,3074.5700,3082.2400,3032.0900,3081.6800,2918592
2021-03-16,3104.9700,3128.9100,3075.8601,3091.8600,2538764
2021-03-17,3073.2200,3173.0500,3070.2200,3135.7300,3118584
2021-03-18,3101.0000,3116.6300,3025.0000,3027.9900,3657027
2021-03-19,3029.2300,3077.2850,3016.6300,3074.9600,4625354
2021-03-22,3067.8500,3126.5800,3060.0500,3110.8700,2902179
2021-03-23,3127.0000,3182.0000,3120.8501,3137.5000,3817263
2021-03-24,3151.0400,3160.3100,3085.1500,3087.0700,2958981
2021-03-25,3072.9900,3109.7800,3037.1400,3046.2600,3563469
2021-03-26,3044.0600,3056.6600,2996.0000,3052.0300,3312924
2021-03-29,3055.4394,3091.2500,3028.4450,3075.7300,2745968
2021-03-30,3070.0100,3073.0000,3034.0000,3055.2900,2337603
2021-03-31,3064.0600,3119.3300,3062.5000,3094.0800,3093896
2021-04-01,3117.9400,3162.4400,3115.5500,3161.0000,2940318
2021-04-05,3173.0000,3235.9550,3161.2400,3226.7300,3334882
2021-04-06,3223.7500,3247.3100,3217.0400,3223.8200,2537809
2021-04-07,3233.8000,3303.6125,3223.6500,3279.3900,3346227
2021-04-08,3310.9000,3324.5000,3292.0000,3299.3000,2812090
2021-04-09,3304.7000,3372.2000,3288.9000,3372.2000,4341473
2021-04-12,3355.2100,3395.0400,3351.1500,3379.3900,3281798
2021-04-13,3400.8450,3432.0000,3395.6300,3400.0000,3315837
2021-04-14,3404.0400,3404.1300,3326.0000,3333.0000,3145204
2021-04-15,3371.0000,3396.9999,3352.0000,3379.0900,3233580
2021-04-16,3380.0000,3406.8000,3355.5900,3399.4400,3186049
2021-04-19,3390.3300,3435.9333,3360.1600,3372.0100,2725405
2021-04-20,3373.6000,3382.9900,3316.0000,3334.6900,2623032
2021-04-21,3316.0000,3362.8600,3303.8061,3362.0200,2211166
2021-04-22,3371.6800,3372.8700,3301.4500,3309.0400,2580590
2021-04-23,3319.1000,3375.0000,3308.5000,3340.8800,3196652
2021-04-26,3348.0000,3428.4500,3330.9400,3409.0000,4880708
2021-04-27,3443.4700,3460.0000,3398.0100,3417.4300,3827140
2021-04-28,3434.8000,3489.8800,3425.0000,3458.5000,4631884
2021-04-29,3505.0981,3514.4450,3435.0000,3471.3100,7682381
2021-04-30,3525.1200,3554.0000,3462.5000,3467.4200,7009346
2021-05-03,3484.7300,3486.6450,3372.7012,3386.4900,5875530
2021-05-04,3356.1900,3367.9750,3272.1300,3311.8700,5439449
2021-05-05,3338.8550,3354.6950,3264.3600,3270.5400,3711308
2021-05-06,3270.0000,3314.4000,3247.2000,3306.3700,4447696
2021-05-07,3319.0900,3330.8900,3289.0704,3291.6100,4710276
2021-05-10,3282.3200,3283.0000,3190.0000,3190.4900,5838603
2021-05-11,3136.2800,3238.0000,3127.3700,3223.9100,4619781
2021-05-12,3185.0000,3207.9400,3133.1000,3151.9400,4936410
2021-05-13,3185.4700,3203.8400,3133.0000,3161.4700,3356877
2021-05-14,3185.5600,3228.8600,3183.0000,3222.9000,3325022
2021-05-17,3245.9300,3292.7500,3234.5900,3270.3900,3723925
2021-05-18,3292.5750,3312.0000,3230.3700,3232.2800,2828391
2021-05-19,3195.0000,3234.7500,3184.0000,3231.8000,2679708
2021-05-20,3244.4042,3259.6799,3236.1800,3247.6800,2633192
2021-05-21,3250.0000,3256.6946,3197.0100,3203.0800,4104882
2021-05-24,3215.5000,3257.9500,3210.4993,3244.9900,2422813
2021-05-25,3266.6700,3279.8200,3213.7600,3259.0500,3261109
2021-05-26,3274.5905,3295.7300,3258.5100,3265.1600,2383986
2021-05-27,3256.0000,3260.3550,3230.0400,3230.1100,2561157
2021-05-28,3242.0000,3247.9900,3219.7000,3223.0700,2331509
2021-06-01,3243.4950,3250.9800,3209.0600,3218.6500,2430045
2021-06-02,3223.1000,3235.0000,3208.0000,3233.9900,2014524
2021-06-03,3204.2300,3214.4350,3184.0300,3187.0100,2398293
2021-06-04,3212.0000,3221.0000,3198.8100,3206.2200,2249749
2021-06-07,3197.3300,3208.0000,3172.2000,3198.0100,2215756
2021-06-08,3222.6100,3279.5321,3218.0100,3264.1100,3416730
2021-06-09,3272.8700,3297.5800,3270.7000,3281.1500,2455530
2021-06-10,3282.0100,3351.0000,3281.1500,3349.6500,3476480
2021-06-11,3349.6500,3366.5800,3333.4500,3346.8300,2817352
2021-06-14,3346.8300,3385.0000,3335.5000,3383.8700,2569655
2021-06-15,3384.0000,3396.9866,3363.1101,3383.1300,2426200
2021-06-16,3392.0000,3426.3500,3360.5300,3415.2500,4152189
2021-06-17,3403.1800,3497.2000,3401.0000,3489.2400,5136531
2021-06-18,3479.9900,3507.0000,3473.7100,3486.9000,5247737
2021-06-21,3476.4200,3482.0000,3434.0000,3453.9600,3277130
2021-06-22,3458.0600,3523.7800,3456.0900,3505.4400,3345082
2021-06-23,3505.0000,3521.0000,3483.2000,3503.8200,2813341
2021-06-24,3507.6400,3524.8599,3430.8500,3449.0800,3831999
2021-06-25,3464.0000,3464.8200,3394.1800,3401.4600,3940997
2021-06-28,3416.0000,3448.0000,3413.5098,3443.8900,2242793
2021-06-29,3438.8200,3456.0300,3423.0300,3448.1400,2098439
2021-06-30,3441.0600,3471.6019,3435.0000,3440.1600,2403992
2021-07-01,3434.6100,3457.0000,3409.4206,3432.9700,2037053
2021-07-02,3451.6400,3511.7200,3436.9200,3510.9800,3176697
2021-07-06,3530.1100,3685.4800,3529.0000,3675.7400,6744768
2021-07-07,3717.3772,3734.2000,3678.9100,3696.5800,5328062
2021-07-08,3643.5600,3759.9855,3621.1200,3731.4100,5180623
2021-07-09,3722.5200,3748.0000,3693.3968,3719.3400,3748237
2021-07-12,3744.0000,3757.2899,3696.7929,3718.5500,2571635
2021-07-13,3702.1000,3773.0782,3671.3200,3677.3600,3845917
2021-07-14,3708.8500,3717.6600,3660.8266,3681.6800,3296568
2021-07-15,3694.2000,3695.4000,3620.9200,3631.2000,3185292
2021-07-16,3633.3100,3646.0599,3570.4550,3573.6300,4043706
2021-07-19,3532.5800,3550.2100,3499.1600,3549.5900,3784595
2021-07-20,3567.3200,3592.0000,3518.0000,3573.1900,3255680
2021-07-21,3576.3750,3586.4500,3543.6415,3585.2000,2318989
2021-07-22,3587.2300,3640.0200,3582.2700,3638.0300,3265352
2021-07-23,3640.0000,3666.1100,3622.0400,3656.6400,2436292
2021-07-26,3673.1700,3712.0800,3647.2500,3699.8200,2900068
2021-07-27,3698.5000,3698.5000,3586.1500,3626.3900,4131890
2021-07-28,3633.7800,3658.4204,3601.0000,3630.3200,2999378
2021-07-29,3627.7500,3637.9500,3580.0100,3599.9200,4337611
2021-07-30,3347.9500,3368.1400,3306.9800,3327.5900,9965593
2021-08-02,3353.1000,3358.9200,3317.0000,3331.4800,3353915
2021-08-03,3340.7200,3391.0000,3299.7700,3366.2400,4157343
2021-08-04,3379.3500,3388.8800,3345.5600,3354.7200,2183945
2021-08-05,3356.2200,3389.0000,3340.9200,3375.9900,2433503
2021-08-06,3375.0000,3375.0000,3329.0373,3344.9400,2637644
2021-08-09,3343.6100,3354.8800,3328.5200,3341.8700,2148220
2021-08-10,3345.0100,3358.0000,3315.0000,3320.6800,2412551
2021-08-11,3331.4469,3337.7000,3277.7900,3292.1100,2947249
2021-08-12,3290.0000,3314.5100,3269.6700,3303.5000,2323823
2021-08-13,3305.6700,3306.0650,3283.0000,3293.9700,2034554
2021-08-16,3283.0000,3300.0000,3211.1300,3298.9900,3328494
2021-08-17,3277.5000,3280.4900,3225.6800,3241.9600,3387922
2021-08-18,3241.9900,3254.0975,3200.0000,3201.2200,2804311
2021-08-19,3194.0200,3233.0000,3182.4637,3187.7500,3782862
2021-08-20,3203.8725,3207.8100,3175.7600,3199.9500,3358428
2021-08-23,3211.9000,3280.9000,3210.0050,3265.8700,3268131
2021-08-24,3280.0000,3315.4942,3274.5800,3305.7800,2551841
2021-08-25,3309.8700,3321.0000,3286.1500,3299.1800,1680306
2021-08-26,3299.0000,3332.0000,3296.0000,3316.0000,2098761
2021-08-27,3333.2300,3352.3200,3313.7500,3349.6300,2402369
2021-08-30,3357.4250,3445.0000,3355.2200,3421.5700,3192244
2021-08-31,3424.8000,3472.5800,3395.5900,3470.7900,4356413
2021-09-01,3496.3960,3527.0000,3475.2400,3479.0000,3629911
2021-09-02,3494.7600,3511.9608,3455.0000,3463.1200,2925594
2021-09-03,3452.0000,3482.6700,3436.4400,3478.0500,2578324
2021-09-07,3478.0000,3528.0900,3476.9400,3509.2900,2741184
2021-09-08,3511.6500,3545.6300,3495.6700,3525.5000,3053364
2021-09-09,3526.0200,3549.9900,3480.3700,3484.1600,2719241
2021-09-10,3501.8308,3508.4500,3462.9055,3469.1500,2397269
2021-09-13,3482.8000,3497.9600,3438.0001,3457.1700,2569022
2021-09-14,3475.5500,3486.8060,3437.7104,3450.0000,1936897
2021-09-15,3442.5200,3485.4200,3402.0100,3475.7900,2957537
2021-09-16,3459.9600,3492.5500,3446.1432,3488.2400,2583598
2021-09-17,3488.4146,3497.4100,3452.1300,3462.5200,4616556
2021-09-20,3396.0000,3419.0000,3305.0100,3355.7300,4669130
2021-09-21,3375.0000,3379.7000,3332.3900,3343.6300,2780878
2021-09-22,3351.0000,3389.0000,3341.0500,3380.0500,2411403
2021-09-23,3380.0500,3428.9600,3380.0500,3416.0000,2379414
2021-09-24,3402.0100,3429.2600,3393.4000,3425.5200,2116241
2021-09-27,3371.5000,3415.5700,3339.6100,3405.8000,3634450
2021-09-28,3357.7100,3369.1900,3290.1001,3315.9600,4430819
2021-09-29,3322.1100,3351.3000,3297.8700,3301.1200,2562268
2021-09-30,3316.0000,3327.8500,3273.9900,3285.0400,2847033
2021-10-01,3289.0100,3309.1746,3255.9400,3283.2600,2835617
2021-10-04,3279.3900,3279.9900,3176.2500,3189.7800,4523057
2021-10-05,3204.5000,3260.7300,3202.4640,3221.0000,3269208
2021-10-06,3213.5300,3264.3400,3198.6200,3262.0100,2532977
2021-10-07,3291.5400,3325.7460,3283.0600,3302.4300,2409075
2021-10-08,3317.0000,3321.4300,3288.2000,3288.6200,1998217
2021-10-11,3275.0000,3292.5899,3238.1000,3246.3000,2034203
2021-10-12,3257.0000,3267.5280,3236.2800,3247.3300,1819571
2021-10-13,3269.7100,3288.3800,3261.0889,3284.2800,2425086
2021-10-14,3302.4541,3312.6000,3290.7800,3299.8600,2112020
2021-10-15,3311.4200,3410.4200,3304.0000,3409.0200,5179941
2021-10-18,3388.3576,3449.1700,3385.1000,3446.7400,3174115
2021-10-19,3434.2900,3454.6900,3422.0000,3444.1500,2386079
2021-10-20,3452.6600,3462.8600,3400.3700,3415.0600,2139777
2021-10-21,3414.2500,3440.2800,3403.0000,3435.0100,1881385
2021-10-22,3421.0000,3429.8400,3331.3000,3335.5500,3139053
2021-10-25,3335.0000,3347.7997,3297.7000,3320.3700,2225956
2021-10-26,3349.5100,3416.1200,3343.9800,3376.0700,2698342
2021-10-27,3388.0000,3437.0000,3371.4534,3392.4900,2702224
2021-10-28,3402.0950,3479.0000,3386.0000,3446.5700,5708733
2021-10-29,3300.0200,3374.8200,3273.3200,3372.4300,6486077
2021-11-01,3361.8000,3375.8600,3292.0200,3318.1100,3582044
2021-11-02,3315.0100,3331.1150,3283.5500,3312.7500,2562277
2021-11-03,3309.0000,3394.9200,3297.5200,3384.0000,3397189
2021-11-04,3370.0000,3498.6250,3365.0001,3477.0000,5353020
2021-11-05,3477.0000,3566.2500,3476.9800,3518.9900,4996951
2021-11-08,3523.2400,3579.0000,3487.8600,3488.9800,3073992
2021-11-09,3515.2500,3593.7700,3501.4250,3576.2300,4257658
2021-11-10,3563.8700,3605.4500,3463.0900,3482.0500,4027422
2021-11-11,3513.0000,3543.2400,3467.4700,3472.5000,2264406
2021-11-12,3485.0000,3540.7262,3447.0500,3525.1500,2636157
2021-11-15,3537.0000,3593.8800,3525.8100,3545.6800,2929719
2021-11-16,3539.0000,3576.5000,3525.1466,3540.7000,2217071
2021-11-17,3564.7200,3587.2450,3545.3500,3549.0000,2560270
2021-11-18,3566.3500,3704.2000,3561.0000,3696.0600,5703538
2021-11-19,3712.6900,3762.1450,3675.7200,3676.5700,4946203
2021-11-22,3676.3768,3713.4550,3567.5000,3572.5700,4847850
2021-11-23,3585.0400,3621.0500,3527.7100,3580.0400,3692246
2021-11-24,3562.6700,3613.6400,3536.8500,3580.4100,2328018
2021-11-26,3602.0950,3633.5000,3504.1500,3504.5600,2991297
2021-11-29,3547.6443,3596.0000,3531.5001,3561.5700,3265557
2021-11-30,3563.5000,3585.7700,3492.0100,3507.0700,4001107
2021-12-01,3545.0000,3559.8800,3441.6000,3443.7200,3756995
2021-12-02,3460.0000,3492.7000,3423.7500,3437.3600,3236288
2021-12-03,3455.0000,3469.8650,3338.6000,3389.7900,4035550
2021-12-06,3393.0000,3473.9100,3338.6900,3427.3700,3443000
2021-12-07,3492.0000,3549.9900,3466.6900,3523.2900,3320536
2021-12-08,3523.0100,3543.6000,3495.0100,3523.1600,2262683
2021-12-09,3515.0000,3539.3900,3482.7900,3483.4200,2303091
2021-12-10,3508.3400,3518.5400,3410.0000,3444.2400,3034488
2021-12-13,3440.0000,3442.0000,3382.6000,3391.3500,3108450
2021-12-14,3351.0000,3389.9800,3328.8000,3381.8300,2798764
2021-12-15,3371.9600,3472.0000,3303.9000,3466.3000,3789713
2021-12-16,3467.3714,3483.3200,3363.2050,3377.4200,3043842
2021-12-17,3354.2100,3417.9700,3312.2710,3400.3500,4287758
2021-12-20,3337.0000,3357.4851,3312.0000,3341.5800,2868633
2021-12-21,3357.0100,3414.3299,3312.9500,3408.3400,2797791
2021-12-22,3385.3950,3441.0000,3370.0100,3420.7400,2751773
2021-12-23,3408.5600,3439.5000,3403.0000,3421.3700,1839412
2021-12-27,3420.7400,3458.8600,3384.3100,3393.3900,2942341
2021-12-28,3403.6500,3443.5176,3382.7100,3413.2200,2735593
2021-12-29,3416.8000,3424.2400,3372.0101,3384.0200,1787702
2021-12-30,3394.0000,3417.7600,3370.4800,3372.8900,1879155
2021-12-31,3379.1200,3387.0000,3331.1700,3334.3400,2381786
2022-01-03,3351.0000,3414.0700,3323.2100,3408.0900,3193457
2022-01-04,3408.7600,3428.0000,3326.9900,3350.4400,3536258
2022-01-05,3337.6600,3342.5250,3287.1400,3287.1400,3215136
2022-01-06,3269.0100,3296.0000,3238.7442,3265.0800,2597889
2022-01-07,3276.7800,3304.8650,3240.6200,3251.0800,2330295
2022-01-10,3211.7100,3233.2300,3126.0900,3229.7200,4389915
2022-01-11,3230.0000,3327.0000,3214.0300,3307.2400,3115005
2022-01-12,3331.5000,3337.5600,3288.3400,3304.1400,2501456
2022-01-13,3305.0100,3324.4299,3221.8200,3224.2800,2609415
2022-01-14,3203.0000,3245.0000,3196.0100,3242.7600,2298743
2022-01-18,3182.1000,3194.6899,3153.2900,3178.3500,3306866
2022-01-19,3175.2400,3185.0000,3125.0000,3125.9800,2620856
2022-01-20,3135.3200,3160.0000,3027.0200,3033.3500,3598666
2022-01-21,2999.0000,3018.0000,2841.4080,2852.8600,8198572
2022-01-24,2780.0000,2898.9000,2707.0400,2890.8800,7802237
2022-01-25,2844.8500,2872.0000,2762.9000,2799.7200,4541233
2022-01-26,2895.0000,2903.6950,2746.3700,2777.4500,4780085
2022-01-27,2816.0000,2884.8700,2787.0000,2792.7500,3875790
2022-01-28,2817.2100,2879.9600,2758.5850,2879.5600,3719599
2022-01-31,2895.0000,3007.2100,2886.0101,2991.4700,3915372
2022-02-01,3000.0000,3034.1600,2952.5548,3023.8700,2960992
2022-02-02,3101.0085,3101.5000,2977.2717,3012.2500,4366488
2022-02-03,2834.7500,2884.9500,2766.6600,2776.9100,11276568
2022-02-04,3112.1300,3224.0000,3012.1600,3152.7900,12672793
2022-02-07,3170.4000,3253.8150,3145.0000,3158.7100,5131219
2022-02-08,3135.0100,3235.8500,3111.0100,3228.2700,3802018
2022-02-09,3257.4700,3276.6900,3205.0000,3223.7900,3439280
2022-02-10,3167.0000,3214.3300,3155.0000,3180.0700,3413406
2022-02-11,3162.6902,3180.0000,3054.6750,3065.8700,3855022
2022-02-14,3035.0200,3168.9663,3033.0000,3103.3400,4161535
2022-02-15,3152.1100,3160.1400,3092.7500,3130.2100,2848533
2022-02-16,3115.8100,3176.6800,3094.6900,3162.0100,2635214
2022-02-17,3162.9200,3206.9750,3090.0000,3093.0500,3201625
2022-02-18,3109.9900,3109.9900,3017.8600,3052.0300,3180205
2022-02-22,3009.5700,3059.6500,2969.7100,3003.9500,3246383
2022-02-23,3033.0100,3035.2600,2893.0200,2896.5400,3212178
2022-02-24,2796.7500,3034.9800,2790.0000,3027.1600,5039288
2022-02-25,3011.0000,3079.8000,2984.2700,3075.7700,3119768
2022-02-28,3048.5000,3089.0000,3017.0000,3071.2600,2884171
2022-03-01,3054.6500,3081.9800,2999.5400,3022.8400,2243679
2022-03-02,3016.9800,3059.9900,2975.0000,3041.0500,2366736
2022-03-03,3070.6300,3078.5800,2937.1200,2957.9700,3259860
2022-03-04,2943.1800,2957.0000,2876.1400,2912.8200,3049156
2022-03-07,2908.8700,2921.8900,2748.3300,2749.0600,4346693
2022-03-08,2733.6700,2813.9900,2671.4500,2720.2900,4583129
2022-03-09,2790.0000,2805.0000,2736.5600,2785.5800,4132833
2022-03-10,2913.7000,2973.4850,2879.5600,2936.3500,6753145
2022-03-11,2991.4900,2993.5000,2907.3800,2910.4900,3445028
2022-03-14,2919.6200,2949.0000,2817.6800,2837.0600,3704305
2022-03-15,2857.0000,2959.7000,2840.0000,2947.3300,3779230
2022-03-16,2970.0000,3063.0000,2947.0700,3062.0800,4247884
2022-03-17,3052.8100,3149.9700,3042.8000,3144.7800,3646742
2022-03-18,3136.2600,3231.8800,3120.2200,3225.0100,5063616
2022-03-21,3222.4150,3261.6800,3191.0600,3229.8300,3283142
2022-03-22,3236.1100,3323.3400,3233.9800,3297.7800,3147275
2022-03-23,3274.1000,3327.4000,3253.7400,3268.1600,2790593
2022-03-24,3274.9900,3282.3700,3201.0000,3272.9900,2839903
2022-03-25,3280.0000,3307.3700,3245.0000,3295.4700,2355611
2022-03-28,3299.5000,3380.7500,3298.0000,3379.8100,2992691
2022-03-29,3407.6800,3416.6300,3357.3700,3386.3000,3307680
2022-03-30,3370.1900,3379.0100,3310.0000,3326.0200,2808363
2022-03-31,3328.8950,3329.9000,3259.0700,3259.9500,2998289
2022-04-01,3282.9900,3316.5400,3246.3900,3271.2000,2854475
2022-04-04,3282.5000,3367.8900,3264.1100,3366.9300,2500398
2022-04-05,3354.8300,3362.2100,3265.3201,3281.1000,2619553
2022-04-06,3233.0100,3244.0000,3145.0900,3175.1200,3952788
2022-04-07,3168.0000,3201.5800,3090.2300,3155.6900,3406839
2022-04-08,3135.0000,3147.3700,3084.6150,3089.2100,2300083
2022-04-11,3054.2600,3082.7299,3010.6900,3022.4400,2605617
2022-04-12,3073.8500,3101.9800,3007.6600,3015.7500,2758872
2022-04-13,3000.3700,3120.5000,2992.0000,3110.8200,2669544
2022-04-14,3107.8000,3117.9400,3029.4350,3034.1300,2579907
2022-04-18,3030.4700,3080.7900,3005.0100,3055.7000,2325676
2022-04-19,3040.5900,3172.9800,3031.0100,3162.3100,2746321
2022-04-20,3152.0500,3152.0500,3072.0700,3079.9600,2958600
2022-04-21,3094.2800,3134.7600,2951.7900,2965.9200,3198466
2022-04-22,2965.0000,2992.3000,2873.9501,2887.0000,3653929
2022-04-25,2880.4600,2924.4300,2846.1309,2921.4800,3093749
2022-04-26,2896.0000,2897.1150,2778.5900,2787.8200,3781514
2022-04-27,2803.8300,2838.9700,2715.6700,2763.3400,3566815
2022-04-28,2843.5600,2918.7500,2806.0000,2891.9300,5865847
2022-04-29,2596.9800,2615.2200,2432.5000,2485.6300,13633086
2022-05-02,2448.0200,2493.3650,2367.5000,2490.0000,7439449
2022-05-03,2481.0700,2524.4100,2456.5000,2485.0700,3956668
2022-05-04,2472.0000,2520.0000,2383.6600,2518.5700,5508760
2022-05-05,2460.0000,2469.9800,2301.4500,2328.1400,7219561
2022-05-06,2297.0000,2381.0100,2261.6250,2295.4500,6212995
2022-05-09,2226.2500,2280.0000,2159.1400,2175.7800,6406219
2022-05-10,2225.0000,2252.8500,2143.4200,2177.1800,5271691
2022-05-11,2162.0700,2203.1200,2088.5700,2107.4400,5485182
2022-05-12,2055.0000,2215.6150,2048.1100,2138.6100,6601257
2022-05-13,2181.3800,2263.6800,2156.0000,2261.1000,4684228
2022-05-16,2262.0000,2279.8500,2207.0827,2216.2100,3728287
2022-05-17,2265.5000,2316.0000,2225.5300,2307.3700,3822387
2022-05-18,2228.7900,2257.0600,2124.9750,2142.2500,5418959
2022-05-19,2125.6100,2200.6800,2123.8581,2146.3800,4407127
2022-05-20,2191.3700,2197.9599,2100.1868,2151.8200,4975032
2022-05-23,2169.2200,2176.3750,2079.0000,2151.1400,5389868
2022-05-24,2080.5000,2108.0000,2025.2000,2082.0000,5146734
2022-05-25,2073.1100,2163.4999,2073.0000,2135.5000,4656005
2022-05-26,2159.4000,2253.3099,2149.0700,2221.5500,4650130
2022-05-27,2271.0000,2303.7400,2252.5600,2302.9300,4683008
2022-05-31,2325.6000,2439.8899,2313.5000,2404.1900,7231708
2022-06-01,2445.1200,2503.5800,2412.4450,2433.6800,6376449
2022-06-02,2433.6800,2512.2000,2400.9000,2510.2200,5028034
2022-06-03,2484.0000,2488.0000,2420.9290,2447.0000,4880166
2022-06-06,125.2450,128.9900,123.8100,124.7900,134271125
2022-06-07,122.0050,124.1000,120.6300,123.0000,85156712
2022-06-08,122.6100,123.7500,120.7500,121.1800,64926594
2022-06-09,119.9900,121.3000,116.1000,116.1500,67029842
2022-06-10,113.4150,114.5000,109.0500,109.6500,87412245
2022-06-13,104.1900,106.5400,101.8600,103.6700,99277742
2022-06-14,104.1900,104.8800,101.4300,102.3100,69728761
2022-06-15,103.8600,109.0600,103.5300,107.6700,85011060
2022-06-16,104.4700,104.5800,102.0100,103.6600,82186301
2022-06-17,102.8000,106.9800,102.5100,106.2200,99772147
2022-06-21,108.2000,111.6299,103.5600,108.6800,70901245
2022-06-22,107.4300,112.1300,107.0200,108.9500,60040131
2022-06-23,110.3900,113.0000,107.9300,112.4400,64345300
2022-06-24,112.3800,116.7100,111.4300,116.4600,69867618
2022-06-27,117.0900,117.9800,112.7000,113.2200,62133240
2022-06-28,113.5000,114.8500,107.0400,107.4000,75172028
2022-06-29,107.3800,110.9900,106.9100,108.9200,66375341
2022-06-30,108.1100,108.1800,102.5200,106.2100,97679401
2022-07-01,106.2900,109.7500,105.8469,109.5600,73021171
2022-07-05,107.6000,114.0800,106.3242,113.5000,76684414
2022-07-06,113.2100,115.4800,112.0100,114.3300,66958884
2022-07-07,113.8500,116.9900,113.4900,116.3300,57872323
2022-07-08,114.6000,116.5800,113.6900,115.5400,45719694
2022-07-11,114.0800,114.3000,110.8700,111.7500,53540019
2022-07-12,112.1600,113.2300,108.3400,109.2200,54280257
2022-07-13,107.0300,111.7800,106.0100,110.4000,61353812
2022-07-14,110.2400,111.1800,107.5800,110.6300,51163140
2022-07-15,112.5000,115.5900,111.5900,113.5500,84317816
2022-07-18,115.0000,117.2400,113.1500,113.7600,59115419
2022-07-19,115.7000,118.9500,114.0300,118.2100,60990043
2022-07-20,118.6150,123.4750,118.3200,122.7700,71268322
2022-07-21,123.2000,124.8500,121.2600,124.6300,60239892
2022-07-22,125.0100,125.5000,121.3504,122.4200,51463797
2022-07-25,122.6950,123.6400,120.0300,121.1400,50221259
2022-07-26,115.7900,118.1500,114.5300,114.8100,67075064
2022-07-27,117.3100,121.9000,117.1600,120.9700,61582015
2022-07-28,121.5700,122.8400,118.0800,122.2800,82245543
2022-07-29,134.9000,137.6500,132.4100,134.9500,148892889
2022-08-01,134.9600,138.8339,133.5100,135.3900,76846908
2022-08-02,134.7200,137.4400,134.0900,134.1600,61922429
2022-08-03,136.2100,140.4900,136.0500,139.5200,71827780
2022-08-04,140.5800,143.5600,139.5500,142.5700,70585020
2022-08-05,140.1000,142.8600,139.6000,140.8000,50686865
2022-08-08,142.0500,144.2300,138.2900,139.4100,52303475
2022-08-09,138.0520,138.9523,136.2100,137.8300,40434715
2022-08-10,142.9000,144.6000,141.0100,142.6900,54773819
2022-08-11,143.8600,144.4900,139.7600,140.6400,44867336
2022-08-12,142.0500,143.5700,140.1201,143.5500,47643484
2022-08-15,142.8000,143.7600,141.4900,143.1800,39014583
2022-08-16,143.9050,146.5700,142.0000,144.7800,59102859
2022-08-17,142.6900,143.3800,140.7800,142.1000,48149778
2022-08-18,141.3200,142.7700,140.3800,142.3000,37458737
2022-08-19,140.4700,141.1100,137.9142,138.2300,47792843
2022-08-22,135.7200,136.3200,132.8500,133.2200,50461504
2022-08-23,133.4100,134.9900,132.9500,133.6200,36252103
2022-08-24,132.7500,135.4700,132.1000,133.8000,38626978
2022-08-25,135.2600,137.4200,134.2800,137.2800,37496283
2022-08-26,136.5500,137.8300,130.5000,130.7500,53322663
2022-08-29,129.9000,131.9499,128.7700,129.7900,47967685
2022-08-30,131.2500,132.0745,126.8500,128.7300,49202990
2022-08-31,129.4500,130.5900,126.7400,126.7700,53648702
2022-09-01,126.0000,128.0200,123.6600,127.8200,56636145
2022-09-02,129.5000,131.3800,126.3900,127.5100,57429829
2022-09-06,127.9200,128.6200,124.7400,126.1100,43689994
2022-09-07,126.1200,129.8200,125.4000,129.4800,47834487
2022-09-08,127.7200,130.2800,127.1000,129.8200,43988509
2022-09-09,130.9100,133.6900,130.7600,133.2700,49422259
2022-09-12,134.0950,136.4900,134.0000,136.4500,53826859
2022-09-13,131.0100,131.4000,126.2700,126.8200,72694010
2022-09-14,127.3640,128.8400,126.3300,128.5500,45316772
2022-09-15,127.3800,130.3700,125.4950,126.2800,52887196
2022-09-16,122.7800,123.8700,120.7000,123.5300,115667804
2022-09-19,122.1600,124.7100,121.8000,124.6600,47279727
2022-09-20,123.3500,124.3963,121.1400,122.1900,47698432
2022-09-21,122.4900,123.7600,118.4500,118.5400,58498887
2022-09-22,117.0800,118.7900,116.2600,117.3100,54959006
2022-09-23,116.0000,116.0500,112.0600,113.7800,65126665
2022-09-26,113.2950,117.3400,113.1300,115.1500,62723268
2022-09-27,117.1950,118.3200,113.0500,114.4100,60094693
2022-09-28,114.3800,118.7000,113.8000,118.0100,55763750
2022-09-29,115.6000,116.0700,113.0600,114.8000,58969714
2022-09-30,114.0750,116.9200,112.8400,113.0000,59479586
2022-10-03,113.5800,116.9100,112.4500,115.8800,50941854
2022-10-04,119.8900,123.0000,119.7900,121.0900,62812564
2022-10-05,118.5800,121.7500,117.6900,120.9500,48217535
2022-10-06,120.7700,121.5300,119.5000,120.3000,42253755
2022-10-07,118.0000,118.1700,113.8800,114.5600,54677980
2022-10-10,115.1000,116.2500,112.4300,113.6700,42339675
2022-10-11,112.7100,115.4800,110.3900,112.2100,56432233
2022-10-12,112.4900,113.8300,111.4000,112.9000,45728660
2022-10-13,107.8800,113.4400,105.3450,112.5300,86868103
2022-10-14,114.1000,114.9600,106.6000,106.9000,67737344
2022-10-17,110.1100,114.1900,110.0900,113.7900,62781985
2022-10-18,119.0600,119.5200,114.7900,116.3600,65607448
2022-10-19,114.7100,116.5932,113.2200,115.0700,47198122
2022-10-20,113.8300,118.2400,113.5100,115.2500,48795104
2022-10-21,114.7920,119.5900,114.5000,119.3200,55660485
2022-10-24,119.9800,120.3900,116.5700,119.8200,49531523
2022-10-25,119.6500,121.3152,118.9500,120.6000,50934609
2022-10-26,116.0000,119.3457,114.7600,115.6600,69002457
2022-10-27,113.9200,114.1200,109.7700,110.9600,129605362
2022-10-28,97.9050,103.9600,97.6600,103.4100,223133398
2022-10-31,103.5600,104.8700,100.7400,102.4400,99251395
2022-11-01,103.9900,104.5800,96.0600,96.7900,153370032
2022-11-02,97.3150,97.7400,92.0100,92.1200,135761798
2022-11-03,92.4700,93.5000,89.0200,89.3000,136683303
2022-11-04,91.4900,92.4400,88.0400,90.9800,129101336
2022-11-07,91.9500,92.1000,89.0400,90.5300,77495728
2022-11-08,90.7900,91.7200,88.2300,89.9800,88703370
2022-11-09,89.4700,89.4800,85.8700,86.1400,90796249
2022-11-10,92.9350,98.6900,91.6500,96.6300,173414862
2022-11-11,97.8800,101.1900,96.6600,100.7900,111590544
2022-11-14,98.7700,100.1199,97.2900,98.4900,99533072
2022-11-15,103.2100,103.7900,97.3400,98.9400,111336317
2022-11-16,96.8500,98.4879,95.5400,97.1200,87958828
2022-11-17,95.3700,96.9700,94.0300,94.8500,82617865
2022-11-18,95.9500,95.9900,92.4800,94.1400,72428185
2022-11-21,93.9700,95.0200,90.5900,92.4600,84330270
2022-11-22,92.6200,93.3500,90.8700,93.2000,62191962
2022-11-23,93.2400,94.5800,92.8300,94.1300,59414684
2022-11-25,93.7900,94.4300,93.0650,93.4100,35088609
2022-11-28,93.9300,96.4000,93.4300,93.9500,75062316
2022-11-29,94.0400,94.4100,91.4400,92.4200,65567286
2022-11-30,92.4700,96.5400,91.5250,96.5400,102805806
2022-12-01,96.9900,97.2300,94.9200,95.5000,68487969
2022-12-02,94.4750,95.3600,93.7800,94.1300,72496388
2022-12-05,93.0500,94.0600,90.8200,91.0100,71535526
2022-12-06,90.5000,91.0400,87.9000,88.2500,75503628
2022-12-07,88.3400,89.8900,87.4800,88.4600,68086880
2022-12-08,89.2400,90.8600,87.8800,90.3500,73305887
2022-12-09,88.9000,90.3000,88.6300,89.0900,67398506
2022-12-12,89.2100,90.5800,87.8700,90.5500,61999762
2022-12-13,95.2300,96.2500,90.5200,92.4900,100212038
2022-12-14,92.5020,93.4581,89.8700,91.5800,70298006
2022-12-15,89.8900,89.9700,87.4700,88.4500,84802877
2022-12-16,88.2650,89.3500,86.7300,87.8600,146144064
2022-12-19,87.5100,87.6300,84.5100,84.9200,83531460
2022-12-20,85.3300,86.6100,84.3300,85.1900,74348301
2022-12-21,86.1750,87.2250,85.2100,86.7700,59267156
2022-12-22,85.5200,85.6800,82.2500,83.7900,81431314
2022-12-23,83.2500,85.7800,82.9344,85.2500,57433655
2022-12-27,84.9700,85.3500,83.0000,83.0400,57284035
2022-12-28,82.8000,83.4800,81.6900,81.8200,58228575
2022-12-29,82.8700,84.5500,82.5500,84.1800,54995895
2022-12-30,83.1200,84.0500,82.4700,84.0000,62401194
2023-01-03,85.4600,86.9600,84.2050,85.8200,76706040
2023-01-04,86.5500,86.9800,83.3600,85.1400,68885123
2023-01-05,85.3300,85.4200,83.0700,83.1200,67930825
2023-01-06,83.0300,86.4000,81.4300,86.0800,83303361
2023-01-09,87.4600,89.4800,87.0800,87.3600,65266056
2023-01-10,87.5700,90.1850,87.2900,89.8700,67756601
2023-01-11,90.9300,95.2600,90.9300,95.0900,103126183
2023-01-12,96.9300,97.1900,93.5000,95.2700,85254781
2023-01-13,94.1800,98.3700,94.1200,98.1200,85549432
2023-01-17,98.6800,98.8900,95.7300,96.0500,72755001
2023-01-18,97.2500,99.3200,95.3800,95.4600,79570370
2023-01-19,94.7400,95.4400,92.8600,93.6800,69002663
2023-01-20,93.8600,97.3540,93.2025,97.2500,67481539
2023-01-23,97.5600,97.7800,95.8600,97.5200,76501103
2023-01-24,96.9300,98.0900,96.0000,96.3200,66929452
2023-01-25,92.5600,97.2400,91.5200,97.1800,94261570
2023-01-26,98.2350,99.4900,96.9200,99.2200,68523557
2023-01-27,99.5300,103.4850,99.5300,102.2400,87775614
2023-01-30,101.0900,101.7400,99.0100,100.5500,70691860
2023-01-31,101.1550,103.3484,101.1400,103.1300,66527253
2023-02-01,102.5300,106.2400,101.2400,105.1500,80450121
2023-02-02,110.2450,114.0000,108.8800,112.9100,158154243
2023-02-03,105.2600,108.7800,102.5200,103.3900,144374828
2023-02-06,102.9250,103.9484,100.6500,102.1800,81945199
2023-02-07,101.1700,102.4100,98.0800,102.1100,119501301
2023-02-08,102.0400,102.6699,98.7750,100.0500,75878304
2023-02-09,101.3200,101.7800,97.5700,98.2400,64622489
2023-02-10,97.5600,98.8163,96.2300,97.6100,52740133
2023-02-13,97.8500,99.6800,96.9100,99.5400,52841464
2023-02-14,98.4100,100.9207,97.5200,99.7000,56202898
2023-02-15,99.0900,101.1700,98.4500,101.1600,48053879
2023-02-16,99.2100,100.6300,98.1000,98.1500,56339173
2023-02-17,97.8000,97.9400,95.6500,97.2000,60029405
2023-02-21,95.3350,95.6050,94.2700,94.5800,56580360
2023-02-22,95.1000,97.0100,94.8000,95.7900,59534094
2023-02-23,96.1200,96.4300,93.6700,95.8200,48466994
2023-02-24,93.5300,94.1400,92.3186,93.5000,57053812
2023-02-27,94.2800,94.7800,93.1400,93.7600,47470321
2023-02-28,93.1400,94.6900,92.9200,94.2300,43959290
2023-03-01,93.8700,94.6800,91.5900,92.1700,52299524
2023-03-02,91.4100,92.2300,90.3900,92.1300,55574820
2023-03-03,92.7400,94.9400,92.6600,94.9000,55759609
2023-03-06,95.1900,96.5450,93.7400,93.7500,52112355
2023-03-07,94.0600,95.0900,92.7800,93.5500,49100668
2023-03-08,93.6000,94.1650,92.1800,93.9200,44899128
2023-03-09,93.6800,96.2100,92.1800,92.2500,56218705
2023-03-10,92.6700,93.5700,90.2450,90.7300,69827490
2023-03-13,89.9700,94.0200,88.1200,92.4300,72397053
2023-03-14,93.8300,95.0700,92.7100,94.8800,60912674
2023-03-15,93.2200,96.6700,93.0700,96.2000,70731792
2023-03-16,95.7500,100.9900,95.6100,100.0400,84558934
2023-03-17,99.7900,100.6600,97.4550,98.9500,87300242
2023-03-20,98.4100,98.4800,95.7000,97.7100,62388911
2023-03-21,98.1400,100.8450,98.0000,100.6100,58597275
2023-03-22,100.4500,102.1000,98.6100,98.7000,57475365
2023-03-23,100.4300,101.0600,97.6200,98.7100,57559310
2023-03-24,98.0650,98.3000,96.4000,98.1300,56144801
2023-03-27,99.0700,99.3400,97.0800,98.0400,46721296
2023-03-28,98.1100,98.4400,96.2900,97.2400,38720050
2023-03-29,98.6900,100.4218,98.5600,100.2500,49783279
2023-03-30,101.5500,103.0400,101.0100,102.0000,53633398
2023-03-31,102.1600,103.4900,101.9500,103.2900,56750317
2023-04-03,102.3000,103.2900,101.4300,102.4100,41135733
2023-04-04,102.7500,104.2000,102.1100,103.9500,48662496
2023-04-05,103.9100,103.9100,100.7506,101.1000,45175393
2023-04-06,100.7500,102.3817,99.8008,102.0600,43808020
2023-04-10,100.9600,102.2000,99.5700,102.1700,37261185
2023-04-11,100.8000,101.0000,99.0100,99.9200,60417847
2023-04-12,100.4000,100.5100,97.7050,97.8300,56735007
2023-04-13,98.9500,102.5700,98.7100,102.4000,67925138
2023-04-14,102.0700,103.2013,101.1100,102.5100,51450522
2023-04-17,103.1600,103.7300,101.5900,102.7400,39791535
2023-04-18,103.9500,104.2000,101.5200,102.3000,39790518
2023-04-19,101.5800,105.1200,101.3900,104.3000,58398890
2023-04-20,103.5300,105.2500,103.2100,103.8100,57696866
2023-04-21,106.1000,108.1500,105.0800,106.9600,86774185
2023-04-24,107.6550,109.2300,105.0700,106.2100,69575610
2023-04-25,104.9100,105.4500,102.4500,102.5700,65026818
2023-04-26,105.0400,106.6200,104.1000,104.9800,71821215
2023-04-27,108.1600,110.8600,106.8000,109.8200,149961167
2023-04-28,107.7300,109.4800,104.3300,105.4500,130715946
2023-05-01,104.9500,105.2300,101.8200,102.0500,74728096
2023-05-02,101.4700,103.9000,101.1500,103.6300,73469350
2023-05-03,103.7350,105.9600,103.2800,103.6500,65051925
2023-05-04,104.0400,105.3900,103.3117,104.0000,45345523
2023-05-05,104.2700,105.7600,103.5500,105.6550,56951744
2023-05-08,105.0400,106.0950,104.7001,105.8300,49430909
2023-05-09,105.4800,106.7900,105.1567,106.6200,44089359
2023-05-10,108.1000,110.6700,108.0500,110.1900,78627616
2023-05-11,111.0300,113.2800,110.4900,112.1800,74924841
2023-05-12,112.1600,112.6400,109.3185,110.2600,49852671
2023-05-15,111.1500,112.2900,109.2500,111.2000,53011145
2023-05-16,111.0500,114.7899,111.0500,113.4000,71472908
2023-05-17,114.8900,115.8300,114.2200,115.5000,65655177
2023-05-18,116.6900,118.6000,116.3350,118.1500,73174087
2023-05-19,118.1600,118.3100,115.7000,116.2500,55056307
2023-05-22,116.7700,116.7700,114.2500,115.0100,70741123
2023-05-23,114.2700,117.1400,113.7800,114.9900,67576262
2023-05-24,115.3500,117.3400,115.0200,116.7500,63487938
2023-05-25,116.6300,116.8700,114.3100,115.0000,66496681
2023-05-26,116.0400,121.5000,116.0200,120.1100,96779889
2023-05-30,122.3700,122.9200,119.8550,121.6600,64314808
2023-05-31,121.4500,122.0400,119.1700,120.5800,71769273
2023-06-01,120.6900,123.4900,119.9300,122.7700,54375131
2023-06-02,124.9200,126.3900,124.0150,124.2500,61264414
2023-06-05,123.3600,125.8000,123.0300,125.3000,47950128
2023-06-06,125.0700,127.4000,125.0000,126.6100,45695212
2023-06-07,127.0100,127.3650,120.6300,121.2300,95663275
2023-06-08,123.0100,125.6250,122.2579,124.2500,62159270
2023-06-09,124.0800,125.8000,123.1900,123.4300,51396018
2023-06-12,124.0200,126.7800,123.5300,126.5700,51473376
2023-06-13,128.1200,128.4100,125.1800,126.6600,50564785
2023-06-14,126.7000,126.9500,124.1200,126.4200,52422463
2023-06-15,125.2100,127.6900,124.3200,127.1100,60458471
2023-06-16,127.7100,127.9000,125.3000,125.4900,84247104
2023-06-20,124.9700,127.2500,124.5000,125.7800,56930122
2023-06-21,125.6400,126.7300,123.8500,124.8300,52137670
2023-06-22,125.3100,130.3300,125.1400,130.1500,90354572
2023-06-23,129.1100,130.8400,128.2800,129.3300,71927776
2023-06-26,129.3300,131.4900,127.1000,127.3300,59989317
2023-06-27,128.6300,130.0850,127.5500,129.1800,46801008
2023-06-28,128.9400,131.4800,128.4400,129.0400,52149512
2023-06-29,128.7700,129.2600,127.2550,127.9000,40760959
2023-06-30,129.4700,131.2450,128.9500,130.3600,54350684
2023-07-03,130.8200,131.8500,130.0650,130.2200,28264785
2023-07-05,130.2400,131.4000,129.6400,130.3800,35895409
2023-07-06,128.2500,128.7300,127.3700,128.3600,40697848
2023-07-07,128.5900,130.9700,128.1294,129.7800,41992251
2023-07-10,129.0700,129.2800,125.9150,127.1300,61889289
2023-07-11,127.7500,129.7700,127.3500,128.7800,49951460
2023-07-12,130.3100,131.2600,128.8300,130.8000,54022847
2023-07-13,134.0400,134.6700,132.7100,134.3000,61170883
2023-07-14,134.0600,136.6500,134.0600,134.6800,54487090
2023-07-17,134.5600,135.6200,133.2100,133.5600,48450198
2023-07-18,132.7100,133.8600,131.3550,132.8300,54969133
2023-07-19,133.3900,135.9900,132.5300,135.3600,54531037
2023-07-20,134.0700,134.7915,129.3300,129.9600,59820579
2023-07-21,131.3400,131.3700,128.4150,130.0000,133307294
2023-07-24,130.3050,131.6600,128.3500,128.8000,45671535
2023-07-25,129.3100,129.5800,128.5300,129.1300,39236663
2023-07-26,126.5100,129.0800,126.1100,128.1500,53910087
2023-07-27,131.0000,132.6300,127.7900,128.2500,52610661
2023-07-28,129.6900,133.0100,129.3300,132.2100,46317381
2023-07-31,133.2000,133.8700,132.3800,133.6800,41901516
2023-08-01,133.5500,133.6900,131.6199,131.6900,42298925
2023-08-02,130.1540,130.2300,126.8200,128.2100,51027614
2023-08-03,127.4800,129.8400,126.4100,128.9100,91163736
2023-08-04,141.0600,143.6300,139.3200,139.5700,153128470
2023-08-07,140.9900,142.5400,138.9500,142.2200,71213112
2023-08-08,140.6200,140.8400,138.4200,139.9400,51710497
2023-08-09,139.9700,140.3200,137.1000,137.8500,50017349
2023-08-10,139.0750,140.4100,137.4900,138.5600,58928402
2023-08-11,137.4000,139.3300,137.0000,138.4100,42905833
2023-08-14,138.3000,140.5900,137.7500,140.5700,47148699
2023-08-15,140.0500,141.2778,137.2300,137.6700,42781521
2023-08-16,137.1900,137.2700,135.0100,135.0700,41675903
2023-08-17,135.4600,136.0850,133.5300,133.9800,48354085
2023-08-18,131.6200,134.0650,131.1500,133.2200,48497698
2023-08-21,133.7400,135.1850,132.7100,134.6800,41442483
2023-08-22,135.0800,135.6500,133.7300,134.2500,32935104
2023-08-23,134.5000,135.9500,133.2200,135.5200,42801043
2023-08-24,136.4000,136.7750,131.8300,131.8400,43646250
2023-08-25,132.4700,133.8700,130.5800,133.2600,44147451
2023-08-28,133.7800,133.9500,131.8500,133.1400,34108410
2023-08-29,133.3800,135.1400,133.2500,134.9100,38646093
2023-08-30,134.9300,135.6800,133.9200,135.0700,36137015
2023-08-31,135.0600,138.7885,135.0000,138.0100,58781314
2023-09-01,139.4550,139.9600,136.8750,138.1200,40991536
2023-09-05,137.7300,137.8000,135.8200,137.2700,40636738
2023-09-06,136.3200,137.4500,134.6100,135.3600,41785507
2023-09-07,133.9000,138.0300,133.1600,137.8500,48498912
2023-09-08,136.8600,138.8519,136.7500,138.2300,38365929
2023-09-11,138.7500,143.6200,138.6400,143.1000,56764525
2023-09-12,142.3200,143.0000,140.6100,141.2300,42668452
2023-09-13,140.9500,144.9800,140.8650,144.8500,60465175
2023-09-14,145.0800,145.8600,142.9500,144.7200,64033607
2023-09-15,142.6900,143.5700,140.0900,140.3900,102909327
2023-09-18,140.4800,141.7500,139.2200,139.9800,42823480
2023-09-19,138.7000,138.8400,135.5600,137.6300,61482470
2023-09-20,138.5500,139.3700,135.2000,135.2900,46263716
2023-09-21,131.9400,132.2400,129.3100,129.3300,70343342
2023-09-22,131.1100,132.0300,128.5200,129.1200,59904348
2023-09-25,129.3600,131.7800,128.7700,131.2700,46017825
2023-09-26,130.1200,130.3900,125.2800,125.9800,73048207
2023-09-27,125.7600,127.4800,124.1300,125.9800,66553449
2023-09-28,124.0400,126.5801,123.0400,125.9800,54554968
2023-09-29,128.2000,129.1500,126.3200,127.1200,62411730
2023-10-02,127.2800,130.4700,126.5400,129.4600,48029744
2023-10-03,128.0600,128.5200,124.2544,124.7200,51564991
2023-10-04,126.0600,127.3600,125.6800,127.0000,44203870
2023-10-05,126.7100,126.7300,124.3300,125.9600,39660643
2023-10-06,124.1600,128.4500,124.1300,127.9600,46836698
2023-10-09,126.2200,128.7900,124.7600,128.2600,38773738
2023-10-10,128.8200,130.7400,128.0500,129.4800,42178619
2023-10-11,129.7400,132.0500,129.6100,131.8300,40741842
2023-10-12,132.1700,134.4800,131.2300,132.3300,55528581
2023-10-13,132.9800,133.3145,128.9500,129.7900,45824685
2023-10-16,130.6900,133.0700,130.4250,132.5500,42832918
2023-10-17,130.3900,132.5800,128.7100,131.4700,49344550
2023-10-18,129.9000,130.6699,127.5100,128.1300,42699479
2023-10-19,130.5650,132.2400,127.4700,128.4000,60961355
2023-10-20,128.0500,128.1700,124.9700,125.1700,56406410
2023-10-23,124.6300,127.8800,123.9800,126.5600,48259953
2023-10-24,127.7400,128.8000,126.3400,128.5600,46477355
2023-10-25,126.0400,126.3400,120.7900,121.3900,74577544
2023-10-26,120.6300,121.6393,118.3500,119.5700,100419516
2023-10-27,126.2000,130.0200,125.5200,127.7400,125309313
2023-10-30,129.7200,133.0000,128.5600,132.7100,72485542
2023-10-31,132.7500,133.5700,131.7100,133.0900,51589380
2023-11-01,133.9600,137.3500,133.7100,137.0000,61529409
2023-11-02,138.7300,138.8100,136.4700,138.0700,52236693
2023-11-03,138.9900,139.4900,137.4500,138.6000,44059805
2023-11-06,138.7600,140.7300,138.3600,139.7400,44970417
2023-11-07,140.5500,143.3700,140.5000,142.7100,53553537
2023-11-08,142.9700,143.1200,141.2183,142.0800,44521658
2023-11-09,142.0200,142.6500,139.8400,140.6000,36235367
2023-11-10,140.4600,143.6500,139.9100,143.5600,49349937
2023-11-13,142.0800,143.2300,140.6700,142.5900,35680570
2023-11-14,145.0000,147.2600,144.6800,145.8000,56674551
2023-11-15,147.0600,147.2900,142.5900,143.2000,63875720
2023-11-16,140.9100,143.3200,139.5200,142.8300,49653512
2023-11-17,142.6600,145.2300,142.5450,145.1800,49678437
2023-11-20,145.1300,146.6300,144.7250,146.1300,41978766
2023-11-21,143.9100,144.0500,141.5000,143.9000,71225992
2023-11-22,144.5700,147.7400,144.5700,146.7100,45700002
2023-11-24,146.7000,147.2000,145.3200,146.7400,22378379
2023-11-27,147.5300,149.2600,146.8800,147.7300,53762428
2023-11-28,146.9800,147.5999,145.5300,147.0300,42711682
2023-11-29,147.8500,148.5400,145.9700,146.3200,40610907
2023-11-30,144.7600,146.9300,144.3320,146.0900,65814022
2023-12-01,146.0000,147.2450,145.5500,147.0300,39951833
2023-12-04,145.2500,145.3500,142.8100,144.8400,48294244
2023-12-05,143.5500,148.5700,143.1300,146.8800,46822411
2023-12-06,147.5800,147.8500,144.2800,144.5200,39481034
2023-12-07,146.1500,147.9200,145.3400,146.8800,52352830
2023-12-08,145.4800,147.8400,145.4000,147.4200,41905965
2023-12-11,145.6600,146.1900,143.6400,145.8900,50907288
2023-12-12,145.5200,147.5000,145.3000,147.4800,44944264
2023-12-13,148.1200,149.4600,146.8200,148.8400,52766196
2023-12-14,149.9300,150.5400,145.5200,147.4200,58400848
2023-12-15,148.3800,150.5700,147.8800,149.9700,110089342
2023-12-18,150.5600,154.8550,150.0500,154.0700,62512828
2023-12-19,154.4000,155.1200,152.6900,153.7900,42891256
2023-12-20,152.9000,155.6300,151.5600,152.1200,50322106
2023-12-21,153.3000,153.9700,152.1000,153.8400,36305733
2023-12-22,153.7700,154.3500,152.7100,153.4200,29514093
2023-12-26,153.5600,153.9750,153.0300,153.4100,25067222
2023-12-27,153.5600,154.7800,153.1200,153.3400,31242664
2023-12-28,153.7200,154.0800,152.9500,153.3800,27057002
2023-12-29,153.1000,153.8900,151.0300,151.9400,39823204
2024-01-02,151.5400,152.3800,148.3900,149.9300,47339424
2024-01-03,149.2000,151.0500,148.3300,148.4700,49425495
2024-01-04,145.5900,147.3800,144.0500,144.5700,56039807
2024-01-05,144.6900,146.5900,144.5300,145.2400,44770343
2024-01-08,146.7400,149.4000,146.1500,149.1000,46757053
2024-01-09,148.3300,151.7100,148.2100,151.3700,43812567
2024-01-10,152.0600,154.4200,151.8810,153.7300,44421830
2024-01-11,155.0400,157.1700,153.1200,155.1800,49072691
2024-01-12,155.3900,156.2000,154.0100,154.6200,40484155
2024-01-16,153.5300,154.9900,152.1500,153.1600,41384636
2024-01-17,151.4900,152.1500,149.9100,151.7100,34953363
2024-01-18,152.7700,153.7750,151.8200,153.5000,37850245
2024-01-19,153.8300,155.7600,152.7400,155.3400,51651628
2024-01-22,156.8900,157.0500,153.9000,154.7800,43687468
2024-01-23,154.8500,156.2100,153.9300,156.0200,37986039
2024-01-24,157.8000,158.5100,156.4800,156.8700,47636725
2024-01-25,156.9500,158.5050,154.5501,157.7500,43638592
2024-01-26,158.4200,160.7200,157.9100,159.1200,51047353
2024-01-29,159.3400,161.2900,158.9000,161.2600,45270385
2024-01-30,160.7000,161.7300,158.4900,159.0000,45207430
2024-01-31,157.0000,159.0100,154.8100,155.2000,50284371
2024-02-01,155.8700,159.7600,155.6200,159.2800,76542419
2024-02-02,169.1900,172.5000,167.3300,171.8100,117218313
2024-02-05,170.2000,170.5500,167.7000,170.3100,55081297
2024-02-06,169.3900,170.7100,167.6500,169.1500,42505518
2024-02-07,169.4800,170.8800,168.9400,170.5300,47174060
2024-02-08,169.6500,171.4300,168.8800,169.8400,42316454
2024-02-09,170.9000,175.0000,170.5803,174.4500,56985986
2024-02-12,174.8000,175.3900,171.5400,172.3400,51050440
2024-02-13,167.7300,170.9500,165.7500,168.6400,56345122
2024-02-14,169.2100,171.2100,168.2800,170.9800,42815544
2024-02-15,170.5800,171.1700,167.5900,169.8000,49855196
2024-02-16,168.7400,170.4200,167.1700,169.5100,48107744
2024-02-20,167.8300,168.7100,165.7400,167.0800,41980326
2024-02-21,168.9400,170.2300,167.1400,168.5900,44575623
2024-02-22,173.1000,174.8000,171.7700,174.5800,55392354
2024-02-23,174.2800,175.7500,173.7000,174.9900,59715243
2024-02-26,175.7000,176.3700,174.2600,174.7300,44368614
2024-02-27,174.0750,174.6200,172.8600,173.5400,31141732
2024-02-28,172.4400,174.0500,172.2700,173.1600,28180482
2024-02-29,173.0100,177.2200,172.8500,176.7600,53805359
2024-03-01,176.7500,178.7250,176.0700,178.2200,31981152
2024-03-04,177.5300,180.1400,177.4900,177.5800,37381520
2024-03-05,176.9300,176.9300,173.3030,174.1200,37228343
2024-03-06,175.5400,176.4600,173.2600,173.5100,32090926
2024-03-07,174.8300,177.9900,173.7200,176.8200,34063283
2024-03-08,176.4400,178.7850,174.3300,175.3500,37893242
2024-03-11,174.3100,174.4700,171.4700,171.9600,28285183
2024-03-12,173.5000,176.7600,171.9800,175.3900,35308322
2024-03-13,175.9000,177.6200,175.5500,176.5550,30596153
2024-03-14,177.6900,179.5300,176.4650,178.7500,43528139
2024-03-15,176.6400,177.9300,173.9000,174.4200,72147390
2024-03-18,175.8000,176.6900,174.2800,174.4800,31250688
2024-03-19,174.2150,176.0900,173.5200,175.9000,26880893
2024-03-20,176.1400,178.5300,174.6400,178.1500,29947150
2024-03-21,179.9880,181.4150,178.1500,178.1500,32824320
2024-03-22,177.7520,179.2550,176.7500,178.8700,27995378
2024-03-25,178.0100,180.9900,177.2400,179.7100,29815464
2024-03-26,180.1500,180.4500,177.9500,178.3000,29658982
2024-03-27,179.8800,180.0000,177.3099,179.8300,33272551
2024-03-28,180.1700,181.7000,179.2600,180.3800,38051588
2024-04-01,180.7900,183.0000,179.9500,180.9700,28374496
2024-04-02,179.0700,180.7900,178.3762,180.6900,31929759
2024-04-03,179.9000,182.8700,179.8000,182.4100,30368799
2024-04-04,184.0000,185.1000,180.0000,180.0000,41197087
2024-04-05,182.3800,186.2700,181.9700,185.0700,42072115
2024-04-08,186.9000,187.2900,184.8100,185.1900,38929087
2024-04-09,187.2400,187.3400,184.2000,185.6700,36337354
2024-04-10,182.7650,186.2699,182.6700,185.9500,35879151
2024-04-11,186.7400,189.7700,185.5100,189.0500,40020742
2024-04-12,187.7200,188.3800,185.0800,186.1300,38608849
2024-04-15,187.4250,188.6900,183.0000,183.6200,48052395
2024-04-16,183.2700,184.8300,182.2600,183.3200,32891265
2024-04-17,184.3100,184.5700,179.8200,181.2800,31359673
2024-04-18,181.4700,182.3900,178.6500,179.2200,30723793
2024-04-19,178.7400,179.0000,173.4400,174.6300,56000729
2024-04-22,176.9400,178.8700,174.5600,177.2300,37924890
2024-04-23,178.0800,179.9300,175.9750,179.5400,37046519
2024-04-24,179.9400,180.3230,176.1800,176.5900,34185109
2024-04-25,169.6800,173.9200,166.3200,173.6700,49249390
2024-04-26,177.7950,180.8200,176.1300,179.6200,43919765
2024-04-29,182.7500,183.5300,179.3900,180.9600,54063937
2024-04-30,181.0900,182.9900,174.8000,175.0000,94639786
2024-05-01,181.6350,185.1500,176.5600,179.0000,94645148
2024-05-02,180.8500,185.1000,179.9100,184.7200,54303510
2024-05-03,186.9900,187.8700,185.4200,186.2100,39172004
2024-05-06,186.2800,188.7450,184.8000,188.7000,34725295
2024-05-07,188.9200,189.9400,187.3050,188.7600,34048902
2024-05-08,187.4400,188.4300,186.3850,188.0000,26136350
2024-05-09,188.8800,191.7000,187.4400,189.5000,43368377
2024-05-10,189.1600,189.8920,186.9300,187.4800,34141771
2024-05-13,188.0000,188.3100,185.3600,186.5700,24898613
2024-05-14,183.8200,187.7200,183.4500,187.0700,38698155
2024-05-15,185.9700,186.7193,182.7300,185.9900,75459927
2024-05-16,185.6000,187.3100,183.4600,183.6300,38834450
2024-05-17,183.7600,185.3000,183.3500,184.7000,33175655
2024-05-20,184.3400,186.6650,183.2800,183.5400,30511768
2024-05-21,182.3000,183.2600,180.7500,183.1500,50839129
2024-05-22,183.8800,185.2200,181.9715,183.1300,28148784
2024-05-23,183.6600,184.7600,180.0800,181.0500,33670173
2024-05-24,181.6500,182.4350,180.3000,180.7500,27471640
2024-05-28,179.9300,182.2400,179.4900,182.1500,29926963
2024-05-29,181.7000,184.0800,181.5500,182.0200,32009294
2024-05-30,181.3100,181.3400,178.3550,179.3200,29249229
2024-05-31,178.3000,179.2100,173.8700,176.4400,58903939
2024-06-03,177.7000,178.7000,175.9200,178.3400,30786640
2024-06-04,177.6400,179.8200,176.4400,179.3400,27198388
2024-06-05,180.1000,181.5000,178.7500,181.2800,32116394
2024-06-06,181.7450,185.0000,181.4900,185.0000,31371151
2024-06-07,184.9000,186.2888,183.3600,184.3000,28021473
2024-06-10,184.0700,187.2300,183.7900,187.0600,34494498
2024-06-11,187.0600,187.7700,184.5373,187.2300,27265108
2024-06-12,188.0150,188.3500,185.4300,186.8900,33984216
2024-06-13,186.0900,187.6700,182.6660,183.8300,39721545
2024-06-14,183.0800,183.7200,182.2300,183.6600,25456410
2024-06-17,182.5200,185.0000,181.2200,184.0600,35601907
2024-06-18,183.7350,184.2900,181.4300,182.8100,36659157
2024-06-20,182.9100,186.5100,182.7200,186.1000,44726779
2024-06-21,187.8000,189.2750,185.8600,189.0800,72931754
2024-06-24,189.3300,191.0000,185.3300,185.5700,50610379
2024-06-25,186.8100,188.8400,185.4200,186.3400,45898475
2024-06-26,186.9200,194.8000,186.2600,193.6100,65103893
2024-06-27,195.0050,199.8400,194.2000,197.8500,74397491
2024-06-28,197.7300,198.8500,192.5000,193.2500,76930192
2024-07-01,193.4900,198.2957,192.8200,197.2000,41192011
2024-07-02,197.2800,200.4300,195.9300,200.0000,45600013
2024-07-03,199.9400,200.0290,196.7601,197.5900,31597926
2024-07-05,198.6500,200.5500,198.1700,200.0000,39858885
2024-07-08,200.0400,201.2000,197.9600,199.2900,34767261
2024-07-09,199.4000,200.5700,199.0450,199.3400,32756736
2024-07-10,199.9950,200.1100,197.6900,199.7900,32883753
2024-07-11,200.0900,200.2699,192.8600,195.0500,44565041
2024-07-12,194.8000,196.4700,193.8301,194.4900,30598525
2024-07-15,194.5600,196.1900,190.8300,192.7200,40683227
2024-07-16,195.5900,196.6200,192.2400,193.0200,33994714
2024-07-17,191.3500,191.5800,185.9900,187.9300,48076139
2024-07-18,189.5900,189.6800,181.4480,183.7500,51043626
2024-07-19,181.1400,184.9300,180.1100,183.1300,43081829
2024-07-22,185.0000,185.0600,182.4800,182.5500,39931923
2024-07-23,184.1000,189.3900,183.5600,186.4100,47537670
2024-07-24,183.2000,185.4500,180.4100,180.8300,41532360
2024-07-25,182.9100,183.8958,176.8000,179.8500,44464163
2024-07-26,180.3900,183.1900,180.2400,182.5000,29505964
2024-07-29,183.8400,184.7500,182.3800,183.2000,33270123
2024-07-30,184.7200,185.8600,179.3800,181.7100,39508574
2024-07-31,185.0500,187.9400,184.4600,186.9800,41667326
2024-08-01,189.2850,190.6000,181.8700,184.0700,70435635
2024-08-02,166.7500,168.7700,160.5500,167.9000,141448365
2024-08-05,154.2100,162.9600,151.6100,161.0200,83149437
2024-08-06,161.7100,165.0800,158.5404,161.9300,59950830
2024-08-07,166.5500,167.5800,161.4300,162.7700,48408240
2024-08-08,165.1650,166.6899,162.5500,165.8000,44616206
2024-08-09,166.4000,168.5500,165.8500,166.9400,36401049
2024-08-12,168.1400,168.5500,166.1101,166.8000,30072788
2024-08-13,167.8100,171.0400,167.1000,170.2300,39237915
2024-08-14,172.1100,172.2800,168.8600,170.1000,28843804
2024-08-15,174.8600,177.9100,173.9900,177.5900,51698513
2024-08-16,177.0400,178.3400,176.2601,177.0600,31489175
2024-08-19,177.6400,178.3000,176.1600,178.2200,31129807
2024-08-20,177.9200,179.0100,177.4308,178.8800,26255204
2024-08-21,179.9200,182.3850,178.8937,180.1100,35599120
2024-08-22,181.3800,181.4700,175.6800,176.1300,32047482
2024-08-23,177.3400,178.9699,175.2400,177.0400,29150091
2024-08-26,176.7000,177.4682,174.3000,175.5000,22366236
2024-08-27,174.1500,174.8900,172.2500,173.1200,29841979
2024-08-28,173.6900,173.6900,168.9200,170.8000,29045025
2024-08-29,173.2200,174.2900,170.8100,172.1200,26407815
2024-08-30,172.7800,178.9000,172.6000,178.5000,43429355
2024-09-03,177.5500,178.2600,175.2600,176.2500,37817511
2024-09-04,174.4800,175.9800,172.5400,173.3300,29682478
2024-09-05,175.0000,179.8750,174.9950,177.8900,40170526
2024-09-06,177.2400,178.3800,171.1600,171.3900,41466537
2024-09-09,174.5300,175.8500,173.5100,175.4000,29037362
2024-09-10,177.4900,180.5000,176.7900,179.5500,36233796
2024-09-11,180.0950,184.9900,175.7300,184.5200,42564698
2024-09-12,184.8000,187.4100,183.5400,187.0000,33622483
2024-09-13,187.0000,188.5000,185.9100,186.4900,26495351
2024-09-16,185.2900,185.8100,183.3600,184.8900,26065485
2024-09-17,186.8500,189.4500,186.1400,186.8800,26091682
2024-09-18,186.4500,188.8000,185.0600,186.4300,34448130
2024-09-19,190.0400,190.9900,188.4700,189.8700,39543168
2024-09-20,190.2300,191.8400,187.4100,191.6000,100378553
2024-09-23,191.6400,194.4500,190.5700,193.8800,36993111
2024-09-24,194.2700,195.3700,190.1300,193.9600,43478926
2024-09-25,193.7500,193.9498,192.1600,192.5300,26391144
2024-09-26,194.3100,194.5300,189.5400,191.1600,36334854
2024-09-27,190.6800,190.9000,187.3400,187.9700,36002316
2024-09-30,187.1400,188.4900,184.6500,186.3300,41680400
2024-10-01,184.9000,186.1900,183.4519,185.1300,36044906
2024-10-02,184.4400,186.6000,184.0400,184.7600,23704056
2024-10-03,183.0450,183.4400,180.8750,181.9600,30204302
2024-10-04,185.7500,187.6000,183.6000,186.5100,41079011
2024-10-07,182.9500,183.6000,180.2500,180.8000,42364201
2024-10-08,181.9150,183.0900,180.9200,182.7200,26372086
2024-10-09,182.8200,185.8450,182.0500,185.1700,26343117
2024-10-10,187.1300,188.1340,185.8300,186.6500,27785043
2024-10-11,186.6300,189.9284,186.3000,188.8200,25751557
2024-10-14,189.7800,189.8300,187.3600,187.5400,22614407
2024-10-15,187.6300,188.4100,184.5800,187.6900,32178925
2024-10-16,187.0500,187.7800,185.6100,186.8900,23456812
2024-10-17,188.2200,188.9400,186.0000,187.5300,25039414
2024-10-18,187.1500,190.7400,186.2800,188.9900,37417670
2024-10-21,188.0500,189.4600,186.4000,189.0700,24639393
2024-10-22,188.3500,191.5201,186.9750,189.7000,29650593
2024-10-23,188.8500,189.1600,183.6900,184.7100,31937089
2024-10-24,185.2500,187.1100,183.8600,186.3800,21647395
2024-10-25,187.8500,190.4500,187.5300,187.8300,29362060
2024-10-28,189.5650,190.2100,188.2100,188.3900,27930836
2024-10-29,188.5800,191.4599,187.8150,190.8300,35690158
2024-10-30,194.6950,195.6100,192.4200,192.7300,37707550
2024-10-31,190.5100,190.6000,185.2300,186.4000,75146759
2024-11-01,199.0000,200.5000,197.0200,197.9300,99687847
2024-11-04,196.4500,197.3300,194.3101,195.7800,38492062
2024-11-05,196.0400,199.8200,195.9900,199.5000,30564784
2024-11-06,200.0100,207.5500,199.1400,207.0900,72292167
2024-11-07,207.4400,212.2500,207.1900,210.0500,52878383
2024-11-08,209.7200,209.9633,207.4400,208.1800,36075846
2024-11-11,208.5000,209.6500,205.5900,206.8400,35456012
2024-11-12,208.3700,209.5400,206.0100,208.9100,38942918
2024-11-13,209.4000,215.0900,209.1400,214.1000,46212943
2024-11-14,214.1600,215.9000,210.8800,211.4800,42620309
2024-11-15,206.7600,207.3400,199.6100,202.6100,86591144
2024-11-18,204.1500,204.6700,200.9500,201.7000,36512465
2024-11-19,199.3300,205.3000,198.7800,204.6100,31197867
2024-11-20,202.9800,203.1300,199.4500,202.8800,32768989
2024-11-21,203.4900,203.4900,195.7500,198.3800,58800042
2024-11-22,198.2500,199.2599,196.7500,197.1200,31530844
2024-11-25,199.2800,201.9499,199.0000,201.4500,40685672
2024-11-26,201.9000,208.0000,201.7900,207.8600,41673737
2024-11-27,206.9800,207.6400,205.0500,205.7400,28061638
2024-11-29,205.8300,208.2000,204.5900,207.8900,24892447
